<?xml version="1.0" encoding="UTF-8"?>
<project-private xmlns="http://www.netbeans.org/ns/project-private/1">
    <editor-bookmarks xmlns="http://www.netbeans.org/ns/editor-bookmarks/2" lastBookmarkId="0"/>
    <open-files xmlns="http://www.netbeans.org/ns/projectui-open-files/2">
        <group>
            <file>file:/D:/Pravin/PRAVIN/final%20project/web/student_login.jsp</file>
            <file>file:/D:/Pravin/PRAVIN/final%20project/web/about.jsp</file>
            <file>file:/D:/Pravin/PRAVIN/final%20project/src/java/pack1/Student_login.java</file>
            <file>file:/D:/Pravin/PRAVIN/final%20project/web/contact.jsp</file>
            <file>file:/D:/Pravin/PRAVIN/final%20project/src/java/pack1/Student_register.java</file>
            <file>file:/D:/Pravin/PRAVIN/final%20project/src/java/pack1/Student_add.java</file>
            <file>file:/D:/Pravin/PRAVIN/final%20project/web/index.jsp</file>
        </group>
    </open-files>
</project-private>
